<?xml version="1.0" encoding="utf-8"?>
<!DOCTYPE hibernate-configuration SYSTEM 
"http://www.hibernate.org/dtd/hibernate-configuration-3.0.dtd">

<hibernate-configuration>
	<session-factory>
		<property name="hibernate.dialect">org.hibernate.dialect.MySQLDialect</property>
		<property name="hibernate.connection.driver_class">com.mysql.jdbc.Driver</property>

		<property name="hibernate.connection.url">
			jdbc:mysql://nickvanderlaan.com/admin_demo_hibernate
		</property>
		<property name="hibernate.connection.username">
			hibernate_demo
		</property>
		<property name="hibernate.connection.password">
			test
		</property>
		<property name="hibernate.enable_lazy_load_no_trans">true</property>
		<!-- List of XML mapping files -->
		<mapping resource="student.hbm.xml" />

	</session-factory>
</hibernate-configuration>