<?xml version="1.0" encoding="utf-8"?>
<!DOCTYPE hibernate-mapping PUBLIC 
 "-//Hibernate/Hibernate Mapping DTD//EN"
 "http://www.hibernate.org/dtd/hibernate-mapping-3.0.dtd"> 

<hibernate-mapping package="Domein">
   <class name="Student" table="Student">
      <meta attribute="class-description">
         This class contains the student details. 
      </meta>
      <id name="id" type="int" column="id">
         <generator class="native"/>
      </id>
      
      <bag name="deCijfers" cascade="all">
         <key column="student_id"/>
         <one-to-many class="Cijfer"/>
      </bag>
      
      <property name="naam" column="naam" type="string"/> 
      <property name="adres" column="adres" type="string"/> 
   </class>
   
   <class name="Cijfer" table="Cijfer">
      <meta attribute="class-description">
         This class contains the cijfer details. 
      </meta>
      <id name="id" type="int" column="id">
         <generator class="native"/>
      </id>
      
      
      <property name="vak" column="vak" type="string"/> 
      <property name="waarde" column="waarde" type="int"/> 
   </class>
</hibernate-mapping>